uid,room,name,group,description,face

403928672,21302477,本间向日葵Official,nijisanji,,http://i1.hdslb.com/bfs/face/c2ed0abc0a9a47750ce64b60f3f81fc099f6f7b4.jpg

434565011,21449083,物述有栖Official,nijisanji,,http://i2.hdslb.com/bfs/face/934fe83deabe1263b1c2a8aca13d0804b4024326.jpg

410455162,21449061,樋口枫Official,nijisanji,,http://i0.hdslb.com/bfs/face/e42478e20a4c6edff2b07a1b39f7fc3adad90e99.jpg

403921378,21302352,静凛Official,nijisanji,,http://i0.hdslb.com/bfs/face/f3828cb7eb627cfdb334a10009d2b6171afb1535.jpg

436596839,21463219,笹木咲Official,nijisanji,,http://i0.hdslb.com/bfs/face/30e14407d62161c2d6072ffaa90e5398d0ca085f.jpg

434563422,21449065,葛叶Official,nijisanji,,http://i1.hdslb.com/bfs/face/834f2dbd22c2ddf279e9add510cf0a716be5926f.jpg

403927583,21302469,椎名唯华Official,nijisanji,,http://i1.hdslb.com/bfs/face/3ae4408b6d6946d5867cf82a4c7a8568c6ae2da6.jpg

